image_path,season
data/segmented_dataset/SeasonsModel/dark_autumn_75.png,dark_autumn
data/segmented_dataset/SeasonsModel/dark_autumn_22.jpg,dark_autumn
data/segmented_dataset/SeasonsModel/dark_autumn_72.jpg,dark_autumn
data/segmented_dataset/SeasonsModel/dark_autumn_46.jpg,dark_autumn
data/segmented_dataset/SeasonsModel/dark_autumn_26.jpg,dark_autumn
data/segmented_dataset/SeasonsModel/dark_autumn_89.jpg,dark_autumn
data/segmented_dataset/SeasonsModel/dark_autumn_16.png,dark_autumn
data/segmented_dataset/SeasonsModel/dark_autumn_77.jpeg,dark_autumn
data/segmented_dataset/SeasonsModel/dark_autumn_15.jpg,dark_autumn
data/segmented_dataset/SeasonsModel/dark_autumn_8.jpg,dark_autumn
data/segmented_dataset/SeasonsModel/dark_autumn_100.jpg,dark_autumn
data/segmented_dataset/SeasonsModel/dark_autumn_15.jpg,dark_autumn
data/segmented_dataset/SeasonsModel/dark_autumn_24.jpg,dark_autumn
data/segmented_dataset/SeasonsModel/dark_autumn_101.jpg,dark_autumn
data/segmented_dataset/SeasonsModel/dark_autumn_46.jpg,dark_autumn
data/segmented_dataset/SeasonsModel/dark_autumn_63.jpg,dark_autumn
data/segmented_dataset/SeasonsModel/dark_autumn_60.jpg,dark_autumn
data/segmented_dataset/SeasonsModel/dark_autumn_16.png,dark_autumn
data/segmented_dataset/SeasonsModel/dark_autumn_45.jpg,dark_autumn
data/segmented_dataset/SeasonsModel/dark_autumn_96.jpg,dark_autumn
data/segmented_dataset/SeasonsModel/dark_autumn_102.jpg,dark_autumn
data/segmented_dataset/SeasonsModel/dark_autumn_101.jpg,dark_autumn
data/segmented_dataset/SeasonsModel/dark_autumn_22.jpg,dark_autumn
data/segmented_dataset/SeasonsModel/dark_autumn_41.jpg,dark_autumn
data/segmented_dataset/SeasonsModel/dark_autumn_41.jpg,dark_autumn
data/segmented_dataset/SeasonsModel/dark_autumn_21.jpg,dark_autumn
data/segmented_dataset/SeasonsModel/dark_autumn_41.jpg,dark_autumn
data/segmented_dataset/SeasonsModel/dark_autumn_48.jpg,dark_autumn
data/segmented_dataset/SeasonsModel/dark_autumn_13.jpg,dark_autumn
data/segmented_dataset/SeasonsModel/dark_autumn_24.jpg,dark_autumn
data/segmented_dataset/SeasonsModel/dark_autumn_89.jpg,dark_autumn
data/segmented_dataset/SeasonsModel/dark_autumn_48.jpg,dark_autumn
data/segmented_dataset/SeasonsModel/dark_autumn_47.jpg,dark_autumn
data/segmented_dataset/SeasonsModel/dark_autumn_46.jpg,dark_autumn
data/segmented_dataset/SeasonsModel/dark_autumn_98.jpg,dark_autumn
data/segmented_dataset/SeasonsModel/dark_autumn_91.jpg,dark_autumn
data/segmented_dataset/SeasonsModel/dark_autumn_103.jpg,dark_autumn
data/segmented_dataset/SeasonsModel/dark_autumn_101.jpg,dark_autumn
data/segmented_dataset/SeasonsModel/dark_autumn_10.jpg,dark_autumn
data/segmented_dataset/SeasonsModel/dark_autumn_81.jpg,dark_autumn
data/segmented_dataset/SeasonsModel/dark_autumn_77.jpeg,dark_autumn
data/segmented_dataset/SeasonsModel/dark_autumn_15.jpg,dark_autumn
data/segmented_dataset/SeasonsModel/dark_autumn_101.jpg,dark_autumn
data/segmented_dataset/SeasonsModel/dark_autumn_29.png,dark_autumn
data/segmented_dataset/SeasonsModel/dark_autumn_33.jpg,dark_autumn
data/segmented_dataset/SeasonsModel/dark_autumn_21.jpg,dark_autumn
data/segmented_dataset/SeasonsModel/dark_autumn_71.jpg,dark_autumn
data/segmented_dataset/SeasonsModel/dark_autumn_14.jpg,dark_autumn
data/segmented_dataset/SeasonsModel/dark_autumn_37.jpg,dark_autumn
data/segmented_dataset/SeasonsModel/dark_autumn_103.jpg,dark_autumn
data/segmented_dataset/SeasonsModel/dark_autumn_15.jpg,dark_autumn
data/segmented_dataset/SeasonsModel/dark_autumn_94.jpg,dark_autumn
data/segmented_dataset/SeasonsModel/dark_autumn_52.jpg,dark_autumn
data/segmented_dataset/SeasonsModel/dark_autumn_103.jpg,dark_autumn
data/segmented_dataset/SeasonsModel/dark_autumn_52.jpg,dark_autumn
data/segmented_dataset/SeasonsModel/dark_autumn_43.png,dark_autumn
data/segmented_dataset/SeasonsModel/dark_autumn_91.jpg,dark_autumn
data/segmented_dataset/SeasonsModel/dark_autumn_29.png,dark_autumn
data/segmented_dataset/SeasonsModel/dark_autumn_23.jpg,dark_autumn
data/segmented_dataset/SeasonsModel/dark_autumn_41.jpg,dark_autumn
data/segmented_dataset/SeasonsModel/dark_autumn_10.jpg,dark_autumn
data/segmented_dataset/SeasonsModel/dark_autumn_80.jpg,dark_autumn
data/segmented_dataset/SeasonsModel/dark_autumn_22.jpg,dark_autumn
data/segmented_dataset/SeasonsModel/dark_autumn_41.jpg,dark_autumn
data/segmented_dataset/SeasonsModel/dark_autumn_38.jpg,dark_autumn
data/segmented_dataset/SeasonsModel/dark_autumn_77.jpeg,dark_autumn
data/segmented_dataset/SeasonsModel/dark_autumn_26.jpg,dark_autumn
data/segmented_dataset/SeasonsModel/dark_autumn_88.JPG,dark_autumn
data/segmented_dataset/SeasonsModel/dark_autumn_101.jpg,dark_autumn
data/segmented_dataset/SeasonsModel/dark_autumn_4.jpg,dark_autumn
data/segmented_dataset/SeasonsModel/dark_autumn_55.jpg,dark_autumn
data/segmented_dataset/SeasonsModel/dark_autumn_22.jpg,dark_autumn
data/segmented_dataset/SeasonsModel/dark_autumn_87.jpg,dark_autumn
data/segmented_dataset/SeasonsModel/dark_autumn_7.png,dark_autumn
data/segmented_dataset/SeasonsModel/dark_autumn_81.jpg,dark_autumn
data/segmented_dataset/SeasonsModel/dark_autumn_49.jpg,dark_autumn
data/segmented_dataset/SeasonsModel/dark_autumn_33.jpg,dark_autumn
data/segmented_dataset/SeasonsModel/dark_autumn_43.png,dark_autumn
data/segmented_dataset/SeasonsModel/dark_autumn_85.jpg,dark_autumn
data/segmented_dataset/SeasonsModel/dark_autumn_33.jpg,dark_autumn
data/segmented_dataset/SeasonsModel/dark_autumn_71.jpg,dark_autumn
data/segmented_dataset/SeasonsModel/dark_autumn_71.jpg,dark_autumn
data/segmented_dataset/SeasonsModel/dark_autumn_63.jpg,dark_autumn
data/segmented_dataset/SeasonsModel/dark_autumn_76.jpg,dark_autumn
data/segmented_dataset/SeasonsModel/dark_autumn_4.jpg,dark_autumn
data/segmented_dataset/SeasonsModel/dark_autumn_78.jpg,dark_autumn
data/segmented_dataset/SeasonsModel/dark_autumn_47.jpg,dark_autumn
data/segmented_dataset/SeasonsModel/dark_autumn_58.jpg,dark_autumn
data/segmented_dataset/SeasonsModel/dark_autumn_23.jpg,dark_autumn
data/segmented_dataset/SeasonsModel/dark_autumn_63.jpg,dark_autumn
data/segmented_dataset/SeasonsModel/dark_autumn_80.jpg,dark_autumn
data/segmented_dataset/SeasonsModel/dark_autumn_67.png,dark_autumn
data/segmented_dataset/SeasonsModel/dark_autumn_41.jpg,dark_autumn
data/segmented_dataset/SeasonsModel/dark_autumn_39.jpg,dark_autumn
data/segmented_dataset/SeasonsModel/dark_autumn_29.png,dark_autumn
data/segmented_dataset/SeasonsModel/dark_autumn_71.jpg,dark_autumn
data/segmented_dataset/SeasonsModel/dark_autumn_7.png,dark_autumn
data/segmented_dataset/SeasonsModel/true_autumn_46.jpg,true_autumn
data/segmented_dataset/SeasonsModel/true_autumn_42.jpg,true_autumn
data/segmented_dataset/SeasonsModel/true_autumn_3.jpg,true_autumn
data/segmented_dataset/SeasonsModel/true_autumn_6.jpg,true_autumn
data/segmented_dataset/SeasonsModel/true_autumn_8.jpg,true_autumn
data/segmented_dataset/SeasonsModel/true_autumn_69.jpg,true_autumn
data/segmented_dataset/SeasonsModel/true_autumn_85.jpg,true_autumn
data/segmented_dataset/SeasonsModel/true_autumn_46.jpg,true_autumn
data/segmented_dataset/SeasonsModel/true_autumn_63.jpg,true_autumn
data/segmented_dataset/SeasonsModel/true_autumn_52.jpg,true_autumn
data/segmented_dataset/SeasonsModel/true_autumn_2.jpg,true_autumn
data/segmented_dataset/SeasonsModel/true_autumn_2.jpg,true_autumn
data/segmented_dataset/SeasonsModel/true_autumn_74.png,true_autumn
data/segmented_dataset/SeasonsModel/true_autumn_78.jpg,true_autumn
data/segmented_dataset/SeasonsModel/true_autumn_68.jpg,true_autumn
data/segmented_dataset/SeasonsModel/true_autumn_75.jpg,true_autumn
data/segmented_dataset/SeasonsModel/true_autumn_74.png,true_autumn
data/segmented_dataset/SeasonsModel/true_autumn_62.jpg,true_autumn
data/segmented_dataset/SeasonsModel/true_autumn_43.jpg,true_autumn
data/segmented_dataset/SeasonsModel/true_autumn_78.jpg,true_autumn
data/segmented_dataset/SeasonsModel/true_autumn_51.jpg,true_autumn
data/segmented_dataset/SeasonsModel/true_autumn_74.png,true_autumn
data/segmented_dataset/SeasonsModel/true_autumn_27.jpg,true_autumn
data/segmented_dataset/SeasonsModel/true_autumn_57.jpg,true_autumn
data/segmented_dataset/SeasonsModel/true_autumn_5.jpg,true_autumn
data/segmented_dataset/SeasonsModel/true_autumn_51.jpg,true_autumn
data/segmented_dataset/SeasonsModel/true_autumn_85.jpg,true_autumn
data/segmented_dataset/SeasonsModel/true_autumn_22.jpg,true_autumn
data/segmented_dataset/SeasonsModel/true_autumn_72.jpg,true_autumn
data/segmented_dataset/SeasonsModel/true_autumn_43.jpg,true_autumn
data/segmented_dataset/SeasonsModel/true_autumn_27.jpg,true_autumn
data/segmented_dataset/SeasonsModel/true_autumn_83.jpg,true_autumn
data/segmented_dataset/SeasonsModel/true_autumn_80.jpg,true_autumn
data/segmented_dataset/SeasonsModel/true_autumn_56.jpg,true_autumn
data/segmented_dataset/SeasonsModel/true_autumn_16.jpg,true_autumn
data/segmented_dataset/SeasonsModel/true_autumn_39.jpg,true_autumn
data/segmented_dataset/SeasonsModel/true_autumn_84.png,true_autumn
data/segmented_dataset/SeasonsModel/true_autumn_6.jpg,true_autumn
data/segmented_dataset/SeasonsModel/true_autumn_40.jpg,true_autumn
data/segmented_dataset/SeasonsModel/true_autumn_35.png,true_autumn
data/segmented_dataset/SeasonsModel/true_autumn_27.jpg,true_autumn
data/segmented_dataset/SeasonsModel/true_autumn_71.jpg,true_autumn
data/segmented_dataset/SeasonsModel/true_autumn_42.jpg,true_autumn
data/segmented_dataset/SeasonsModel/true_autumn_62.jpg,true_autumn
data/segmented_dataset/SeasonsModel/true_autumn_73.jpg,true_autumn
data/segmented_dataset/SeasonsModel/true_autumn_35.png,true_autumn
data/segmented_dataset/SeasonsModel/true_autumn_49.jpg,true_autumn
data/segmented_dataset/SeasonsModel/true_autumn_85.jpg,true_autumn
data/segmented_dataset/SeasonsModel/true_autumn_77.jpg,true_autumn
data/segmented_dataset/SeasonsModel/true_autumn_46.jpg,true_autumn
data/segmented_dataset/SeasonsModel/true_autumn_38.jpg,true_autumn
data/segmented_dataset/SeasonsModel/true_autumn_19.jpg,true_autumn
data/segmented_dataset/SeasonsModel/true_autumn_83.jpg,true_autumn
data/segmented_dataset/SeasonsModel/true_autumn_4.jpg,true_autumn
data/segmented_dataset/SeasonsModel/true_autumn_70.jpg,true_autumn
data/segmented_dataset/SeasonsModel/true_autumn_77.jpg,true_autumn
data/segmented_dataset/SeasonsModel/true_autumn_25.png,true_autumn
data/segmented_dataset/SeasonsModel/true_autumn_78.jpg,true_autumn
data/segmented_dataset/SeasonsModel/true_autumn_51.jpg,true_autumn
data/segmented_dataset/SeasonsModel/true_autumn_24.jpg,true_autumn
data/segmented_dataset/SeasonsModel/true_autumn_39.jpg,true_autumn
data/segmented_dataset/SeasonsModel/true_autumn_40.jpg,true_autumn
data/segmented_dataset/SeasonsModel/true_autumn_49.jpg,true_autumn
data/segmented_dataset/SeasonsModel/true_autumn_27.jpg,true_autumn
data/segmented_dataset/SeasonsModel/true_autumn_69.jpg,true_autumn
data/segmented_dataset/SeasonsModel/true_autumn_40.jpg,true_autumn
data/segmented_dataset/SeasonsModel/true_autumn_12.jpg,true_autumn
data/segmented_dataset/SeasonsModel/true_autumn_4.jpg,true_autumn
data/segmented_dataset/SeasonsModel/true_autumn_20.jpg,true_autumn
data/segmented_dataset/SeasonsModel/true_autumn_68.jpg,true_autumn
data/segmented_dataset/SeasonsModel/true_autumn_70.jpg,true_autumn
data/segmented_dataset/SeasonsModel/true_autumn_75.jpg,true_autumn
data/segmented_dataset/SeasonsModel/true_autumn_19.jpg,true_autumn
data/segmented_dataset/SeasonsModel/true_autumn_51.jpg,true_autumn
data/segmented_dataset/SeasonsModel/true_autumn_7.jpg,true_autumn
data/segmented_dataset/SeasonsModel/true_autumn_37.jpg,true_autumn
data/segmented_dataset/SeasonsModel/true_autumn_16.jpg,true_autumn
data/segmented_dataset/SeasonsModel/true_autumn_19.jpg,true_autumn
data/segmented_dataset/SeasonsModel/true_autumn_37.jpg,true_autumn
data/segmented_dataset/SeasonsModel/true_autumn_3.jpg,true_autumn
data/segmented_dataset/SeasonsModel/true_autumn_38.jpg,true_autumn
data/segmented_dataset/SeasonsModel/true_autumn_25.png,true_autumn
data/segmented_dataset/SeasonsModel/true_autumn_27.jpg,true_autumn
data/segmented_dataset/SeasonsModel/true_autumn_59.jpg,true_autumn
data/segmented_dataset/SeasonsModel/true_autumn_26.jpg,true_autumn
data/segmented_dataset/SeasonsModel/true_autumn_68.jpg,true_autumn
data/segmented_dataset/SeasonsModel/true_autumn_4.jpg,true_autumn
data/segmented_dataset/SeasonsModel/true_autumn_33.jpg,true_autumn
data/segmented_dataset/SeasonsModel/true_autumn_86.jpg,true_autumn
data/segmented_dataset/SeasonsModel/true_autumn_6.jpg,true_autumn
data/segmented_dataset/SeasonsModel/true_autumn_69.jpg,true_autumn
data/segmented_dataset/SeasonsModel/true_autumn_4.jpg,true_autumn
data/segmented_dataset/SeasonsModel/true_autumn_52.jpg,true_autumn
data/segmented_dataset/SeasonsModel/true_autumn_75.jpg,true_autumn
data/segmented_dataset/SeasonsModel/true_autumn_85.jpg,true_autumn
data/segmented_dataset/SeasonsModel/true_autumn_84.png,true_autumn
data/segmented_dataset/SeasonsModel/true_autumn_30.jpg,true_autumn
data/segmented_dataset/SeasonsModel/soft_autumn_52.jpg,soft_autumn
data/segmented_dataset/SeasonsModel/soft_autumn_60.jpg,soft_autumn
data/segmented_dataset/SeasonsModel/soft_autumn_21.jpg,soft_autumn
data/segmented_dataset/SeasonsModel/soft_autumn_40.JPG,soft_autumn
data/segmented_dataset/SeasonsModel/soft_autumn_70.jpg,soft_autumn
data/segmented_dataset/SeasonsModel/soft_autumn_75.jpg,soft_autumn
data/segmented_dataset/SeasonsModel/soft_autumn_52.jpg,soft_autumn
data/segmented_dataset/SeasonsModel/soft_autumn_36.jpg,soft_autumn
data/segmented_dataset/SeasonsModel/soft_autumn_23.jpg,soft_autumn
data/segmented_dataset/SeasonsModel/soft_autumn_63.jpg,soft_autumn
data/segmented_dataset/SeasonsModel/soft_autumn_63.jpg,soft_autumn
data/segmented_dataset/SeasonsModel/soft_autumn_41.jpg,soft_autumn
data/segmented_dataset/SeasonsModel/soft_autumn_17.jpg,soft_autumn
data/segmented_dataset/SeasonsModel/soft_autumn_19.jpg,soft_autumn
data/segmented_dataset/SeasonsModel/soft_autumn_41.jpg,soft_autumn
data/segmented_dataset/SeasonsModel/soft_autumn_18.png,soft_autumn
data/segmented_dataset/SeasonsModel/soft_autumn_20.jpg,soft_autumn
data/segmented_dataset/SeasonsModel/soft_autumn_67.jpg,soft_autumn
data/segmented_dataset/SeasonsModel/soft_autumn_41.jpg,soft_autumn
data/segmented_dataset/SeasonsModel/soft_autumn_24.jpg,soft_autumn
data/segmented_dataset/SeasonsModel/soft_autumn_69.jpeg,soft_autumn
data/segmented_dataset/SeasonsModel/soft_autumn_73.png,soft_autumn
data/segmented_dataset/SeasonsModel/soft_autumn_67.jpg,soft_autumn
data/segmented_dataset/SeasonsModel/soft_autumn_75.jpg,soft_autumn
data/segmented_dataset/SeasonsModel/soft_autumn_51.jpg,soft_autumn
data/segmented_dataset/SeasonsModel/soft_autumn_53.jpg,soft_autumn
data/segmented_dataset/SeasonsModel/soft_autumn_20.jpg,soft_autumn
data/segmented_dataset/SeasonsModel/soft_autumn_24.jpg,soft_autumn
data/segmented_dataset/SeasonsModel/soft_autumn_57.jpg,soft_autumn
data/segmented_dataset/SeasonsModel/soft_autumn_8.jpg,soft_autumn
data/segmented_dataset/SeasonsModel/soft_autumn_29.jpg,soft_autumn
data/segmented_dataset/SeasonsModel/soft_autumn_25.jpg,soft_autumn
data/segmented_dataset/SeasonsModel/soft_autumn_71.jpg,soft_autumn
data/segmented_dataset/SeasonsModel/soft_autumn_21.jpg,soft_autumn
data/segmented_dataset/SeasonsModel/soft_autumn_9.jpg,soft_autumn
data/segmented_dataset/SeasonsModel/soft_autumn_24.jpg,soft_autumn
data/segmented_dataset/SeasonsModel/soft_autumn_18.png,soft_autumn
data/segmented_dataset/SeasonsModel/soft_autumn_64.png,soft_autumn
data/segmented_dataset/SeasonsModel/soft_autumn_42.jpg,soft_autumn
data/segmented_dataset/SeasonsModel/soft_autumn_75.jpg,soft_autumn
data/segmented_dataset/SeasonsModel/soft_autumn_47.jpg,soft_autumn
data/segmented_dataset/SeasonsModel/soft_autumn_52.jpg,soft_autumn
data/segmented_dataset/SeasonsModel/soft_autumn_65.jpg,soft_autumn
data/segmented_dataset/SeasonsModel/soft_autumn_59.jpg,soft_autumn
data/segmented_dataset/SeasonsModel/soft_autumn_57.jpg,soft_autumn
data/segmented_dataset/SeasonsModel/soft_autumn_56.jpg,soft_autumn
data/segmented_dataset/SeasonsModel/soft_autumn_47.jpg,soft_autumn
data/segmented_dataset/SeasonsModel/soft_autumn_3.jpg,soft_autumn
data/segmented_dataset/SeasonsModel/soft_autumn_67.jpg,soft_autumn
data/segmented_dataset/SeasonsModel/soft_autumn_48.jpg,soft_autumn
data/segmented_dataset/SeasonsModel/soft_autumn_25.jpg,soft_autumn
data/segmented_dataset/SeasonsModel/soft_autumn_9.jpg,soft_autumn
data/segmented_dataset/SeasonsModel/soft_autumn_42.jpg,soft_autumn
data/segmented_dataset/SeasonsModel/soft_autumn_24.jpg,soft_autumn
data/segmented_dataset/SeasonsModel/soft_autumn_70.jpg,soft_autumn
data/segmented_dataset/SeasonsModel/soft_autumn_9.jpg,soft_autumn
data/segmented_dataset/SeasonsModel/soft_autumn_1.jpg,soft_autumn
data/segmented_dataset/SeasonsModel/soft_autumn_56.jpg,soft_autumn
data/segmented_dataset/SeasonsModel/soft_autumn_46.jpg,soft_autumn
data/segmented_dataset/SeasonsModel/soft_autumn_17.jpg,soft_autumn
data/segmented_dataset/SeasonsModel/soft_autumn_19.jpg,soft_autumn
data/segmented_dataset/SeasonsModel/soft_autumn_59.jpg,soft_autumn
data/segmented_dataset/SeasonsModel/soft_autumn_67.jpg,soft_autumn
data/segmented_dataset/SeasonsModel/soft_autumn_38.jpg,soft_autumn
data/segmented_dataset/SeasonsModel/soft_autumn_29.jpg,soft_autumn
data/segmented_dataset/SeasonsModel/soft_autumn_59.jpg,soft_autumn
data/segmented_dataset/SeasonsModel/soft_autumn_60.jpg,soft_autumn
data/segmented_dataset/SeasonsModel/soft_autumn_65.jpg,soft_autumn
data/segmented_dataset/SeasonsModel/soft_autumn_3.jpg,soft_autumn
data/segmented_dataset/SeasonsModel/soft_autumn_24.jpg,soft_autumn
data/segmented_dataset/SeasonsModel/soft_autumn_55.jpg,soft_autumn
data/segmented_dataset/SeasonsModel/soft_autumn_45.jpg,soft_autumn
data/segmented_dataset/SeasonsModel/soft_autumn_17.jpg,soft_autumn
data/segmented_dataset/SeasonsModel/soft_autumn_56.jpg,soft_autumn
data/segmented_dataset/SeasonsModel/soft_autumn_72.jpg,soft_autumn
data/segmented_dataset/SeasonsModel/soft_autumn_14.jpg,soft_autumn
data/segmented_dataset/SeasonsModel/soft_autumn_21.jpg,soft_autumn
data/segmented_dataset/SeasonsModel/soft_autumn_70.jpg,soft_autumn
data/segmented_dataset/SeasonsModel/soft_autumn_56.jpg,soft_autumn
data/segmented_dataset/SeasonsModel/soft_autumn_23.jpg,soft_autumn
data/segmented_dataset/SeasonsModel/soft_autumn_19.jpg,soft_autumn
data/segmented_dataset/SeasonsModel/soft_autumn_75.jpg,soft_autumn
data/segmented_dataset/SeasonsModel/soft_autumn_71.jpg,soft_autumn
data/segmented_dataset/SeasonsModel/soft_autumn_4.jpg,soft_autumn
data/segmented_dataset/SeasonsModel/soft_autumn_65.jpg,soft_autumn
data/segmented_dataset/SeasonsModel/soft_autumn_9.jpg,soft_autumn
data/segmented_dataset/SeasonsModel/soft_autumn_41.jpg,soft_autumn
data/segmented_dataset/SeasonsModel/soft_autumn_3.jpg,soft_autumn
data/segmented_dataset/SeasonsModel/soft_autumn_57.jpg,soft_autumn
data/segmented_dataset/SeasonsModel/soft_autumn_4.jpg,soft_autumn
data/segmented_dataset/SeasonsModel/soft_autumn_12.jpg,soft_autumn
data/segmented_dataset/SeasonsModel/soft_autumn_60.jpg,soft_autumn
data/segmented_dataset/SeasonsModel/soft_autumn_21.jpg,soft_autumn
data/segmented_dataset/SeasonsModel/soft_autumn_4.jpg,soft_autumn
data/segmented_dataset/SeasonsModel/soft_autumn_54.jpg,soft_autumn
data/segmented_dataset/SeasonsModel/soft_autumn_57.jpg,soft_autumn
data/segmented_dataset/SeasonsModel/soft_autumn_42.jpg,soft_autumn
data/segmented_dataset/SeasonsModel/dark_winter_67.jpg,dark_winter
data/segmented_dataset/SeasonsModel/dark_winter_74.png,dark_winter
data/segmented_dataset/SeasonsModel/dark_winter_38.jpg,dark_winter
data/segmented_dataset/SeasonsModel/dark_winter_17.jpg,dark_winter
data/segmented_dataset/SeasonsModel/dark_winter_27.jpg,dark_winter
data/segmented_dataset/SeasonsModel/dark_winter_57.jpg,dark_winter
data/segmented_dataset/SeasonsModel/dark_winter_67.jpg,dark_winter
data/segmented_dataset/SeasonsModel/dark_winter_24.png,dark_winter
data/segmented_dataset/SeasonsModel/dark_winter_15.jpg,dark_winter
data/segmented_dataset/SeasonsModel/dark_winter_6.jpg,dark_winter
data/segmented_dataset/SeasonsModel/dark_winter_6.jpg,dark_winter
data/segmented_dataset/SeasonsModel/dark_winter_33.jpg,dark_winter
data/segmented_dataset/SeasonsModel/dark_winter_62.jpg,dark_winter
data/segmented_dataset/SeasonsModel/dark_winter_65.jpg,dark_winter
data/segmented_dataset/SeasonsModel/dark_winter_33.jpg,dark_winter
data/segmented_dataset/SeasonsModel/dark_winter_70.png,dark_winter
data/segmented_dataset/SeasonsModel/dark_winter_11.jpg,dark_winter
data/segmented_dataset/SeasonsModel/dark_winter_19.jpg,dark_winter
data/segmented_dataset/SeasonsModel/dark_winter_33.jpg,dark_winter
data/segmented_dataset/SeasonsModel/dark_winter_40.jpg,dark_winter
data/segmented_dataset/SeasonsModel/dark_winter_2.jpg,dark_winter
data/segmented_dataset/SeasonsModel/dark_winter_32.jpg,dark_winter
data/segmented_dataset/SeasonsModel/dark_winter_19.jpg,dark_winter
data/segmented_dataset/SeasonsModel/dark_winter_57.jpg,dark_winter
data/segmented_dataset/SeasonsModel/dark_winter_23.png,dark_winter
data/segmented_dataset/SeasonsModel/dark_winter_16.jpg,dark_winter
data/segmented_dataset/SeasonsModel/dark_winter_11.jpg,dark_winter
data/segmented_dataset/SeasonsModel/dark_winter_40.jpg,dark_winter
data/segmented_dataset/SeasonsModel/dark_winter_13.jpg,dark_winter
data/segmented_dataset/SeasonsModel/dark_winter_49.jpg,dark_winter
data/segmented_dataset/SeasonsModel/dark_winter_73.jpg,dark_winter
data/segmented_dataset/SeasonsModel/dark_winter_51.jpg,dark_winter
data/segmented_dataset/SeasonsModel/dark_winter_50.jpg,dark_winter
data/segmented_dataset/SeasonsModel/dark_winter_38.jpg,dark_winter
data/segmented_dataset/SeasonsModel/dark_winter_71.jpg,dark_winter
data/segmented_dataset/SeasonsModel/dark_winter_40.jpg,dark_winter
data/segmented_dataset/SeasonsModel/dark_winter_70.png,dark_winter
data/segmented_dataset/SeasonsModel/dark_winter_66.png,dark_winter
data/segmented_dataset/SeasonsModel/dark_winter_25.jpg,dark_winter
data/segmented_dataset/SeasonsModel/dark_winter_57.jpg,dark_winter
data/segmented_dataset/SeasonsModel/dark_winter_64.jpg,dark_winter
data/segmented_dataset/SeasonsModel/dark_winter_67.jpg,dark_winter
data/segmented_dataset/SeasonsModel/dark_winter_53.jpg,dark_winter
data/segmented_dataset/SeasonsModel/dark_winter_63.jpg,dark_winter
data/segmented_dataset/SeasonsModel/dark_winter_13.jpg,dark_winter
data/segmented_dataset/SeasonsModel/dark_winter_69.jpeg,dark_winter
data/segmented_dataset/SeasonsModel/dark_winter_64.jpg,dark_winter
data/segmented_dataset/SeasonsModel/dark_winter_26.jpg,dark_winter
data/segmented_dataset/SeasonsModel/dark_winter_19.jpg,dark_winter
data/segmented_dataset/SeasonsModel/dark_winter_14.jpg,dark_winter
data/segmented_dataset/SeasonsModel/dark_winter_51.jpg,dark_winter
data/segmented_dataset/SeasonsModel/dark_winter_71.jpg,dark_winter
data/segmented_dataset/SeasonsModel/dark_winter_25.jpg,dark_winter
data/segmented_dataset/SeasonsModel/dark_winter_40.jpg,dark_winter
data/segmented_dataset/SeasonsModel/dark_winter_27.jpg,dark_winter
data/segmented_dataset/SeasonsModel/dark_winter_71.jpg,dark_winter
data/segmented_dataset/SeasonsModel/dark_winter_9.png,dark_winter
data/segmented_dataset/SeasonsModel/dark_winter_69.jpeg,dark_winter
data/segmented_dataset/SeasonsModel/dark_winter_1.jpg,dark_winter
data/segmented_dataset/SeasonsModel/dark_winter_62.jpg,dark_winter
data/segmented_dataset/SeasonsModel/dark_winter_65.jpg,dark_winter
data/segmented_dataset/SeasonsModel/dark_winter_63.jpg,dark_winter
data/segmented_dataset/SeasonsModel/dark_winter_19.jpg,dark_winter
data/segmented_dataset/SeasonsModel/dark_winter_48.jpg,dark_winter
data/segmented_dataset/SeasonsModel/dark_winter_73.jpg,dark_winter
data/segmented_dataset/SeasonsModel/dark_winter_63.jpg,dark_winter
data/segmented_dataset/SeasonsModel/dark_winter_74.png,dark_winter
data/segmented_dataset/SeasonsModel/dark_winter_53.jpg,dark_winter
data/segmented_dataset/SeasonsModel/dark_winter_26.jpg,dark_winter
data/segmented_dataset/SeasonsModel/dark_winter_40.jpg,dark_winter
data/segmented_dataset/SeasonsModel/dark_winter_31.jpg,dark_winter
data/segmented_dataset/SeasonsModel/dark_winter_35.jpg,dark_winter
data/segmented_dataset/SeasonsModel/dark_winter_62.jpg,dark_winter
data/segmented_dataset/SeasonsModel/dark_winter_69.jpeg,dark_winter
data/segmented_dataset/SeasonsModel/dark_winter_42.jpg,dark_winter
data/segmented_dataset/SeasonsModel/dark_winter_38.jpg,dark_winter
data/segmented_dataset/SeasonsModel/dark_winter_27.jpg,dark_winter
data/segmented_dataset/SeasonsModel/dark_winter_69.jpeg,dark_winter
data/segmented_dataset/SeasonsModel/dark_winter_15.jpg,dark_winter
data/segmented_dataset/SeasonsModel/dark_winter_65.jpg,dark_winter
data/segmented_dataset/SeasonsModel/dark_winter_57.jpg,dark_winter
data/segmented_dataset/SeasonsModel/dark_winter_50.jpg,dark_winter
data/segmented_dataset/SeasonsModel/dark_winter_45.jpg,dark_winter
data/segmented_dataset/SeasonsModel/dark_winter_53.jpg,dark_winter
data/segmented_dataset/SeasonsModel/dark_winter_71.jpg,dark_winter
data/segmented_dataset/SeasonsModel/dark_winter_33.jpg,dark_winter
data/segmented_dataset/SeasonsModel/dark_winter_26.jpg,dark_winter
data/segmented_dataset/SeasonsModel/dark_winter_13.jpg,dark_winter
data/segmented_dataset/SeasonsModel/dark_winter_45.jpg,dark_winter
data/segmented_dataset/SeasonsModel/dark_winter_18.jpg,dark_winter
data/segmented_dataset/SeasonsModel/dark_winter_74.png,dark_winter
data/segmented_dataset/SeasonsModel/dark_winter_38.jpg,dark_winter
data/segmented_dataset/SeasonsModel/dark_winter_45.jpg,dark_winter
data/segmented_dataset/SeasonsModel/dark_winter_30.jpg,dark_winter
data/segmented_dataset/SeasonsModel/dark_winter_13.jpg,dark_winter
data/segmented_dataset/SeasonsModel/dark_winter_25.jpg,dark_winter
data/segmented_dataset/SeasonsModel/dark_winter_64.jpg,dark_winter
data/segmented_dataset/SeasonsModel/light_summer_21.jpg,light_summer
data/segmented_dataset/SeasonsModel/light_summer_46.jpg,light_summer
data/segmented_dataset/SeasonsModel/light_summer_54.jpg,light_summer
data/segmented_dataset/SeasonsModel/light_summer_57.jpg,light_summer
data/segmented_dataset/SeasonsModel/light_summer_36.jpg,light_summer
data/segmented_dataset/SeasonsModel/light_summer_2.jpg,light_summer
data/segmented_dataset/SeasonsModel/light_summer_15.jpg,light_summer
data/segmented_dataset/SeasonsModel/light_summer_15.jpg,light_summer
data/segmented_dataset/SeasonsModel/light_summer_18.jpg,light_summer
data/segmented_dataset/SeasonsModel/light_summer_38.jpg,light_summer
data/segmented_dataset/SeasonsModel/light_summer_18.jpg,light_summer
data/segmented_dataset/SeasonsModel/light_summer_10.jpg,light_summer
data/segmented_dataset/SeasonsModel/light_summer_33.jpg,light_summer
data/segmented_dataset/SeasonsModel/light_summer_47.jpg,light_summer
data/segmented_dataset/SeasonsModel/light_summer_18.jpg,light_summer
data/segmented_dataset/SeasonsModel/light_summer_55.jpg,light_summer
data/segmented_dataset/SeasonsModel/light_summer_47.jpg,light_summer
data/segmented_dataset/SeasonsModel/light_summer_57.jpg,light_summer
data/segmented_dataset/SeasonsModel/light_summer_11.jpg,light_summer
data/segmented_dataset/SeasonsModel/light_summer_42.jpg,light_summer
data/segmented_dataset/SeasonsModel/light_summer_33.jpg,light_summer
data/segmented_dataset/SeasonsModel/light_summer_5.png,light_summer
data/segmented_dataset/SeasonsModel/light_summer_7.jpg,light_summer
data/segmented_dataset/SeasonsModel/light_summer_24.jpg,light_summer
data/segmented_dataset/SeasonsModel/light_summer_12.jpg,light_summer
data/segmented_dataset/SeasonsModel/light_summer_46.jpg,light_summer
data/segmented_dataset/SeasonsModel/light_summer_10.jpg,light_summer
data/segmented_dataset/SeasonsModel/light_summer_6.jpeg,light_summer
data/segmented_dataset/SeasonsModel/light_summer_13.jpg,light_summer
data/segmented_dataset/SeasonsModel/light_summer_57.jpg,light_summer
data/segmented_dataset/SeasonsModel/light_summer_52.jpg,light_summer
data/segmented_dataset/SeasonsModel/light_summer_56.jpg,light_summer
data/segmented_dataset/SeasonsModel/light_summer_31.jpg,light_summer
data/segmented_dataset/SeasonsModel/light_summer_5.png,light_summer
data/segmented_dataset/SeasonsModel/light_summer_9.jpg,light_summer
data/segmented_dataset/SeasonsModel/light_summer_52.jpg,light_summer
data/segmented_dataset/SeasonsModel/light_summer_45.jpg,light_summer
data/segmented_dataset/SeasonsModel/light_summer_47.jpg,light_summer
data/segmented_dataset/SeasonsModel/light_summer_19.png,light_summer
data/segmented_dataset/SeasonsModel/light_summer_24.jpg,light_summer
data/segmented_dataset/SeasonsModel/light_summer_13.jpg,light_summer
data/segmented_dataset/SeasonsModel/light_summer_54.jpg,light_summer
data/segmented_dataset/SeasonsModel/light_summer_14.jpg,light_summer
data/segmented_dataset/SeasonsModel/light_summer_9.jpg,light_summer
data/segmented_dataset/SeasonsModel/light_summer_26.jpg,light_summer
data/segmented_dataset/SeasonsModel/light_summer_38.jpg,light_summer
data/segmented_dataset/SeasonsModel/light_summer_31.jpg,light_summer
data/segmented_dataset/SeasonsModel/light_summer_47.jpg,light_summer
data/segmented_dataset/SeasonsModel/light_summer_39.jpg,light_summer
data/segmented_dataset/SeasonsModel/light_summer_31.jpg,light_summer
data/segmented_dataset/SeasonsModel/light_summer_21.jpg,light_summer
data/segmented_dataset/SeasonsModel/light_summer_56.jpg,light_summer
data/segmented_dataset/SeasonsModel/light_summer_45.jpg,light_summer
data/segmented_dataset/SeasonsModel/light_summer_25.jpg,light_summer
data/segmented_dataset/SeasonsModel/light_summer_43.jpg,light_summer
data/segmented_dataset/SeasonsModel/light_summer_38.jpg,light_summer
data/segmented_dataset/SeasonsModel/light_summer_9.jpg,light_summer
data/segmented_dataset/SeasonsModel/light_summer_53.png,light_summer
data/segmented_dataset/SeasonsModel/light_summer_46.jpg,light_summer
data/segmented_dataset/SeasonsModel/light_summer_54.jpg,light_summer
data/segmented_dataset/SeasonsModel/light_summer_9.jpg,light_summer
data/segmented_dataset/SeasonsModel/light_summer_2.jpg,light_summer
data/segmented_dataset/SeasonsModel/light_summer_57.jpg,light_summer
data/segmented_dataset/SeasonsModel/light_summer_12.jpg,light_summer
data/segmented_dataset/SeasonsModel/light_summer_56.jpg,light_summer
data/segmented_dataset/SeasonsModel/light_summer_18.jpg,light_summer
data/segmented_dataset/SeasonsModel/light_summer_45.jpg,light_summer
data/segmented_dataset/SeasonsModel/light_summer_5.png,light_summer
data/segmented_dataset/SeasonsModel/light_summer_21.jpg,light_summer
data/segmented_dataset/SeasonsModel/light_summer_46.jpg,light_summer
data/segmented_dataset/SeasonsModel/light_summer_35.jpg,light_summer
data/segmented_dataset/SeasonsModel/light_summer_5.png,light_summer
data/segmented_dataset/SeasonsModel/light_summer_13.jpg,light_summer
data/segmented_dataset/SeasonsModel/light_summer_52.jpg,light_summer
data/segmented_dataset/SeasonsModel/light_summer_18.jpg,light_summer
data/segmented_dataset/SeasonsModel/light_summer_35.jpg,light_summer
data/segmented_dataset/SeasonsModel/light_summer_54.jpg,light_summer
data/segmented_dataset/SeasonsModel/light_summer_18.jpg,light_summer
data/segmented_dataset/SeasonsModel/light_summer_15.jpg,light_summer
data/segmented_dataset/SeasonsModel/light_summer_26.jpg,light_summer
data/segmented_dataset/SeasonsModel/light_summer_54.jpg,light_summer
data/segmented_dataset/SeasonsModel/light_summer_14.jpg,light_summer
data/segmented_dataset/SeasonsModel/light_summer_14.jpg,light_summer
data/segmented_dataset/SeasonsModel/light_summer_11.jpg,light_summer
data/segmented_dataset/SeasonsModel/light_summer_34.jpg,light_summer
data/segmented_dataset/SeasonsModel/light_summer_24.jpg,light_summer
data/segmented_dataset/SeasonsModel/light_summer_13.jpg,light_summer
data/segmented_dataset/SeasonsModel/light_summer_52.jpg,light_summer
data/segmented_dataset/SeasonsModel/light_summer_54.jpg,light_summer
data/segmented_dataset/SeasonsModel/light_summer_42.jpg,light_summer
data/segmented_dataset/SeasonsModel/light_summer_25.jpg,light_summer
data/segmented_dataset/SeasonsModel/light_summer_11.jpg,light_summer
data/segmented_dataset/SeasonsModel/light_summer_2.jpg,light_summer
data/segmented_dataset/SeasonsModel/light_summer_18.jpg,light_summer
data/segmented_dataset/SeasonsModel/light_summer_6.jpeg,light_summer
data/segmented_dataset/SeasonsModel/light_summer_14.jpg,light_summer
data/segmented_dataset/SeasonsModel/light_summer_33.jpg,light_summer
data/segmented_dataset/SeasonsModel/true_spring_40.png,true_spring
data/segmented_dataset/SeasonsModel/true_spring_53.jpg,true_spring
data/segmented_dataset/SeasonsModel/true_spring_35.jpg,true_spring
data/segmented_dataset/SeasonsModel/true_spring_17.jpg,true_spring
data/segmented_dataset/SeasonsModel/true_spring_51.jpg,true_spring
data/segmented_dataset/SeasonsModel/true_spring_50.png,true_spring
data/segmented_dataset/SeasonsModel/true_spring_43.jpeg,true_spring
data/segmented_dataset/SeasonsModel/true_spring_43.jpeg,true_spring
data/segmented_dataset/SeasonsModel/true_spring_22.png,true_spring
data/segmented_dataset/SeasonsModel/true_spring_12.jpg,true_spring
data/segmented_dataset/SeasonsModel/true_spring_22.png,true_spring
data/segmented_dataset/SeasonsModel/true_spring_19.png,true_spring
data/segmented_dataset/SeasonsModel/true_spring_36.jpg,true_spring
data/segmented_dataset/SeasonsModel/true_spring_49.jpg,true_spring
data/segmented_dataset/SeasonsModel/true_spring_22.png,true_spring
data/segmented_dataset/SeasonsModel/true_spring_54.jpg,true_spring
data/segmented_dataset/SeasonsModel/true_spring_49.jpg,true_spring
data/segmented_dataset/SeasonsModel/true_spring_17.jpg,true_spring
data/segmented_dataset/SeasonsModel/true_spring_24.jpg,true_spring
data/segmented_dataset/SeasonsModel/true_spring_44.jpg,true_spring
data/segmented_dataset/SeasonsModel/true_spring_36.jpg,true_spring
data/segmented_dataset/SeasonsModel/true_spring_15.jpg,true_spring
data/segmented_dataset/SeasonsModel/true_spring_32.jpg,true_spring
data/segmented_dataset/SeasonsModel/true_spring_25.jpg,true_spring
data/segmented_dataset/SeasonsModel/true_spring_30.jpg,true_spring
data/segmented_dataset/SeasonsModel/true_spring_53.jpg,true_spring
data/segmented_dataset/SeasonsModel/true_spring_19.png,true_spring
data/segmented_dataset/SeasonsModel/true_spring_39.jpg,true_spring
data/segmented_dataset/SeasonsModel/true_spring_17.jpg,true_spring
data/segmented_dataset/SeasonsModel/true_spring_9.jpg,true_spring
data/segmented_dataset/SeasonsModel/true_spring_27.jpg,true_spring
data/segmented_dataset/SeasonsModel/true_spring_1.jpg,true_spring
data/segmented_dataset/SeasonsModel/true_spring_15.jpg,true_spring
data/segmented_dataset/SeasonsModel/true_spring_8.jpg,true_spring
data/segmented_dataset/SeasonsModel/true_spring_9.jpg,true_spring
data/segmented_dataset/SeasonsModel/true_spring_23.jpg,true_spring
data/segmented_dataset/SeasonsModel/true_spring_49.jpg,true_spring
data/segmented_dataset/SeasonsModel/true_spring_20.jpg,true_spring
data/segmented_dataset/SeasonsModel/true_spring_25.jpg,true_spring
data/segmented_dataset/SeasonsModel/true_spring_39.jpg,true_spring
data/segmented_dataset/SeasonsModel/true_spring_35.jpg,true_spring
data/segmented_dataset/SeasonsModel/true_spring_37.jpg,true_spring
data/segmented_dataset/SeasonsModel/true_spring_8.jpg,true_spring
data/segmented_dataset/SeasonsModel/true_spring_26.png,true_spring
data/segmented_dataset/SeasonsModel/true_spring_12.jpg,true_spring
data/segmented_dataset/SeasonsModel/true_spring_1.jpg,true_spring
data/segmented_dataset/SeasonsModel/true_spring_49.jpg,true_spring
data/segmented_dataset/SeasonsModel/true_spring_33.jpeg,true_spring
data/segmented_dataset/SeasonsModel/true_spring_1.jpg,true_spring
data/segmented_dataset/SeasonsModel/true_spring_40.png,true_spring
data/segmented_dataset/SeasonsModel/true_spring_27.jpg,true_spring
data/segmented_dataset/SeasonsModel/true_spring_23.jpg,true_spring
data/segmented_dataset/SeasonsModel/true_spring_3.jpg,true_spring
data/segmented_dataset/SeasonsModel/true_spring_2.jpg,true_spring
data/segmented_dataset/SeasonsModel/true_spring_12.jpg,true_spring
data/segmented_dataset/SeasonsModel/true_spring_8.jpg,true_spring
data/segmented_dataset/SeasonsModel/true_spring_28.jpg,true_spring
data/segmented_dataset/SeasonsModel/true_spring_53.jpg,true_spring
data/segmented_dataset/SeasonsModel/true_spring_35.jpg,true_spring
data/segmented_dataset/SeasonsModel/true_spring_8.jpg,true_spring
data/segmented_dataset/SeasonsModel/true_spring_50.png,true_spring
data/segmented_dataset/SeasonsModel/true_spring_17.jpg,true_spring
data/segmented_dataset/SeasonsModel/true_spring_30.jpg,true_spring
data/segmented_dataset/SeasonsModel/true_spring_27.jpg,true_spring
data/segmented_dataset/SeasonsModel/true_spring_22.png,true_spring
data/segmented_dataset/SeasonsModel/true_spring_23.jpg,true_spring
data/segmented_dataset/SeasonsModel/true_spring_15.jpg,true_spring
data/segmented_dataset/SeasonsModel/true_spring_40.png,true_spring
data/segmented_dataset/SeasonsModel/true_spring_53.jpg,true_spring
data/segmented_dataset/SeasonsModel/true_spring_6.jpg,true_spring
data/segmented_dataset/SeasonsModel/true_spring_15.jpg,true_spring
data/segmented_dataset/SeasonsModel/true_spring_39.jpg,true_spring
data/segmented_dataset/SeasonsModel/true_spring_9.jpg,true_spring
data/segmented_dataset/SeasonsModel/true_spring_22.png,true_spring
data/segmented_dataset/SeasonsModel/true_spring_6.jpg,true_spring
data/segmented_dataset/SeasonsModel/true_spring_35.jpg,true_spring
data/segmented_dataset/SeasonsModel/true_spring_22.png,true_spring
data/segmented_dataset/SeasonsModel/true_spring_43.jpeg,true_spring
data/segmented_dataset/SeasonsModel/true_spring_26.png,true_spring
data/segmented_dataset/SeasonsModel/true_spring_35.jpg,true_spring
data/segmented_dataset/SeasonsModel/true_spring_37.jpg,true_spring
data/segmented_dataset/SeasonsModel/true_spring_37.jpg,true_spring
data/segmented_dataset/SeasonsModel/true_spring_24.jpg,true_spring
data/segmented_dataset/SeasonsModel/true_spring_41.jpg,true_spring
data/segmented_dataset/SeasonsModel/true_spring_25.jpg,true_spring
data/segmented_dataset/SeasonsModel/true_spring_39.jpg,true_spring
data/segmented_dataset/SeasonsModel/true_spring_9.jpg,true_spring
data/segmented_dataset/SeasonsModel/true_spring_35.jpg,true_spring
data/segmented_dataset/SeasonsModel/true_spring_44.jpg,true_spring
data/segmented_dataset/SeasonsModel/true_spring_3.jpg,true_spring
data/segmented_dataset/SeasonsModel/true_spring_24.jpg,true_spring
data/segmented_dataset/SeasonsModel/true_spring_50.png,true_spring
data/segmented_dataset/SeasonsModel/true_spring_22.png,true_spring
data/segmented_dataset/SeasonsModel/true_spring_37.jpg,true_spring
data/segmented_dataset/SeasonsModel/true_spring_36.jpg,true_spring
data/segmented_dataset/SeasonsModel/true_spring_32.jpg,true_spring
data/segmented_dataset/SeasonsModel/true_spring_37.jpg,true_spring
data/segmented_dataset/SeasonsModel/soft_summer_48.jpg,soft_summer
data/segmented_dataset/SeasonsModel/soft_summer_50.jpg,soft_summer
data/segmented_dataset/SeasonsModel/soft_summer_16.jpg,soft_summer
data/segmented_dataset/SeasonsModel/soft_summer_1.jpg,soft_summer
data/segmented_dataset/SeasonsModel/soft_summer_20.jpg,soft_summer
data/segmented_dataset/SeasonsModel/soft_summer_15.jpg,soft_summer
data/segmented_dataset/SeasonsModel/soft_summer_37.jpg,soft_summer
data/segmented_dataset/SeasonsModel/soft_summer_37.jpg,soft_summer
data/segmented_dataset/SeasonsModel/soft_summer_29.jpg,soft_summer
data/segmented_dataset/SeasonsModel/soft_summer_29.jpg,soft_summer
data/segmented_dataset/SeasonsModel/soft_summer_7.jpg,soft_summer
data/segmented_dataset/SeasonsModel/soft_summer_47.jpg,soft_summer
data/segmented_dataset/SeasonsModel/soft_summer_5.jpg,soft_summer
data/segmented_dataset/SeasonsModel/soft_summer_29.jpg,soft_summer
data/segmented_dataset/SeasonsModel/soft_summer_32.jpg,soft_summer
data/segmented_dataset/SeasonsModel/soft_summer_5.jpg,soft_summer
data/segmented_dataset/SeasonsModel/soft_summer_1.jpg,soft_summer
data/segmented_dataset/SeasonsModel/soft_summer_11.png,soft_summer
data/segmented_dataset/SeasonsModel/soft_summer_43.jpg,soft_summer
data/segmented_dataset/SeasonsModel/soft_summer_47.jpg,soft_summer
data/segmented_dataset/SeasonsModel/soft_summer_27.jpg,soft_summer
data/segmented_dataset/SeasonsModel/soft_summer_52.jpg,soft_summer
data/segmented_dataset/SeasonsModel/soft_summer_12.png,soft_summer
data/segmented_dataset/SeasonsModel/soft_summer_14.jpg,soft_summer
data/segmented_dataset/SeasonsModel/soft_summer_50.jpg,soft_summer
data/segmented_dataset/SeasonsModel/soft_summer_7.jpg,soft_summer
data/segmented_dataset/SeasonsModel/soft_summer_8.jpg,soft_summer
data/segmented_dataset/SeasonsModel/soft_summer_1.jpg,soft_summer
data/segmented_dataset/SeasonsModel/soft_summer_3.jpg,soft_summer
data/segmented_dataset/SeasonsModel/soft_summer_17.jpg,soft_summer
data/segmented_dataset/SeasonsModel/soft_summer_4.jpg,soft_summer
data/segmented_dataset/SeasonsModel/soft_summer_27.jpg,soft_summer
data/segmented_dataset/SeasonsModel/soft_summer_28.jpg,soft_summer
data/segmented_dataset/SeasonsModel/soft_summer_3.jpg,soft_summer
data/segmented_dataset/SeasonsModel/soft_summer_51.jpg,soft_summer
data/segmented_dataset/SeasonsModel/soft_summer_5.jpg,soft_summer
data/segmented_dataset/SeasonsModel/soft_summer_25.png,soft_summer
data/segmented_dataset/SeasonsModel/soft_summer_12.png,soft_summer
data/segmented_dataset/SeasonsModel/soft_summer_8.jpg,soft_summer
data/segmented_dataset/SeasonsModel/soft_summer_16.jpg,soft_summer
data/segmented_dataset/SeasonsModel/soft_summer_28.jpg,soft_summer
data/segmented_dataset/SeasonsModel/soft_summer_24.jpg,soft_summer
data/segmented_dataset/SeasonsModel/soft_summer_4.jpg,soft_summer
data/segmented_dataset/SeasonsModel/soft_summer_5.jpg,soft_summer
data/segmented_dataset/SeasonsModel/soft_summer_39.jpg,soft_summer
data/segmented_dataset/SeasonsModel/soft_summer_4.jpg,soft_summer
data/segmented_dataset/SeasonsModel/soft_summer_48.jpg,soft_summer
data/segmented_dataset/SeasonsModel/soft_summer_17.jpg,soft_summer
data/segmented_dataset/SeasonsModel/soft_summer_51.jpg,soft_summer
data/segmented_dataset/SeasonsModel/soft_summer_40.png,soft_summer
data/segmented_dataset/SeasonsModel/soft_summer_45.png,soft_summer
data/segmented_dataset/SeasonsModel/soft_summer_28.jpg,soft_summer
data/segmented_dataset/SeasonsModel/soft_summer_54.jpg,soft_summer
data/segmented_dataset/SeasonsModel/soft_summer_50.jpg,soft_summer
data/segmented_dataset/SeasonsModel/soft_summer_16.jpg,soft_summer
data/segmented_dataset/SeasonsModel/soft_summer_28.jpg,soft_summer
data/segmented_dataset/SeasonsModel/soft_summer_15.jpg,soft_summer
data/segmented_dataset/SeasonsModel/soft_summer_1.jpg,soft_summer
data/segmented_dataset/SeasonsModel/soft_summer_14.jpg,soft_summer
data/segmented_dataset/SeasonsModel/soft_summer_17.jpg,soft_summer
data/segmented_dataset/SeasonsModel/soft_summer_29.jpg,soft_summer
data/segmented_dataset/SeasonsModel/soft_summer_51.jpg,soft_summer
data/segmented_dataset/SeasonsModel/soft_summer_27.jpg,soft_summer
data/segmented_dataset/SeasonsModel/soft_summer_48.jpg,soft_summer
data/segmented_dataset/SeasonsModel/soft_summer_50.jpg,soft_summer
data/segmented_dataset/SeasonsModel/soft_summer_19.jpg,soft_summer
data/segmented_dataset/SeasonsModel/soft_summer_27.jpg,soft_summer
data/segmented_dataset/SeasonsModel/soft_summer_8.jpg,soft_summer
data/segmented_dataset/SeasonsModel/soft_summer_3.jpg,soft_summer
data/segmented_dataset/SeasonsModel/soft_summer_29.jpg,soft_summer
data/segmented_dataset/SeasonsModel/soft_summer_19.jpg,soft_summer
data/segmented_dataset/SeasonsModel/soft_summer_16.jpg,soft_summer
data/segmented_dataset/SeasonsModel/soft_summer_29.jpg,soft_summer
data/segmented_dataset/SeasonsModel/soft_summer_37.jpg,soft_summer
data/segmented_dataset/SeasonsModel/soft_summer_24.jpg,soft_summer
data/segmented_dataset/SeasonsModel/soft_summer_16.jpg,soft_summer
data/segmented_dataset/SeasonsModel/soft_summer_11.png,soft_summer
data/segmented_dataset/SeasonsModel/soft_summer_46.jpg,soft_summer
data/segmented_dataset/SeasonsModel/soft_summer_12.png,soft_summer
data/segmented_dataset/SeasonsModel/soft_summer_8.jpg,soft_summer
data/segmented_dataset/SeasonsModel/soft_summer_3.jpg,soft_summer
data/segmented_dataset/SeasonsModel/soft_summer_16.jpg,soft_summer
data/segmented_dataset/SeasonsModel/soft_summer_43.jpg,soft_summer
data/segmented_dataset/SeasonsModel/soft_summer_40.png,soft_summer
data/segmented_dataset/SeasonsModel/soft_summer_11.png,soft_summer
data/segmented_dataset/SeasonsModel/soft_summer_15.jpg,soft_summer
data/segmented_dataset/SeasonsModel/soft_summer_29.jpg,soft_summer
data/segmented_dataset/SeasonsModel/soft_summer_47.jpg,soft_summer
data/segmented_dataset/SeasonsModel/soft_summer_52.jpg,soft_summer
data/segmented_dataset/SeasonsModel/soft_summer_19.jpg,soft_summer
data/segmented_dataset/SeasonsModel/soft_summer_28.jpg,soft_summer
data/segmented_dataset/SeasonsModel/soft_summer_7.jpg,soft_summer
data/segmented_dataset/SeasonsModel/soft_summer_19.jpg,soft_summer
data/segmented_dataset/SeasonsModel/soft_summer_46.jpg,soft_summer
data/segmented_dataset/SeasonsModel/soft_summer_51.jpg,soft_summer
data/segmented_dataset/SeasonsModel/soft_summer_28.jpg,soft_summer
data/segmented_dataset/SeasonsModel/soft_summer_52.jpg,soft_summer
data/segmented_dataset/SeasonsModel/bright_spring_5.jpg,bright_spring
data/segmented_dataset/SeasonsModel/bright_spring_7.jpg,bright_spring
data/segmented_dataset/SeasonsModel/bright_spring_35.jpg,bright_spring
data/segmented_dataset/SeasonsModel/bright_spring_11.jpg,bright_spring
data/segmented_dataset/SeasonsModel/bright_spring_14.jpg,bright_spring
data/segmented_dataset/SeasonsModel/bright_spring_18.jpg,bright_spring
data/segmented_dataset/SeasonsModel/bright_spring_45.jpg,bright_spring
data/segmented_dataset/SeasonsModel/bright_spring_45.jpg,bright_spring
data/segmented_dataset/SeasonsModel/bright_spring_22.jpg,bright_spring
data/segmented_dataset/SeasonsModel/bright_spring_22.jpg,bright_spring
data/segmented_dataset/SeasonsModel/bright_spring_17.jpg,bright_spring
data/segmented_dataset/SeasonsModel/bright_spring_24.jpg,bright_spring
data/segmented_dataset/SeasonsModel/bright_spring_23.png,bright_spring
data/segmented_dataset/SeasonsModel/bright_spring_22.jpg,bright_spring
data/segmented_dataset/SeasonsModel/bright_spring_46.jpg,bright_spring
data/segmented_dataset/SeasonsModel/bright_spring_23.png,bright_spring
data/segmented_dataset/SeasonsModel/bright_spring_11.jpg,bright_spring
data/segmented_dataset/SeasonsModel/bright_spring_16.jpg,bright_spring
data/segmented_dataset/SeasonsModel/bright_spring_12.jpg,bright_spring
data/segmented_dataset/SeasonsModel/bright_spring_24.jpg,bright_spring
data/segmented_dataset/SeasonsModel/bright_spring_8.jpg,bright_spring
data/segmented_dataset/SeasonsModel/bright_spring_9.png,bright_spring
data/segmented_dataset/SeasonsModel/bright_spring_51.jpg,bright_spring
data/segmented_dataset/SeasonsModel/bright_spring_29.png,bright_spring
data/segmented_dataset/SeasonsModel/bright_spring_7.jpg,bright_spring
data/segmented_dataset/SeasonsModel/bright_spring_17.jpg,bright_spring
data/segmented_dataset/SeasonsModel/bright_spring_39.jpg,bright_spring
data/segmented_dataset/SeasonsModel/bright_spring_11.jpg,bright_spring
data/segmented_dataset/SeasonsModel/bright_spring_40.jpg,bright_spring
data/segmented_dataset/SeasonsModel/bright_spring_49.jpg,bright_spring
data/segmented_dataset/SeasonsModel/bright_spring_30.jpg,bright_spring
data/segmented_dataset/SeasonsModel/bright_spring_8.jpg,bright_spring
data/segmented_dataset/SeasonsModel/bright_spring_42.jpg,bright_spring
data/segmented_dataset/SeasonsModel/bright_spring_40.jpg,bright_spring
data/segmented_dataset/SeasonsModel/bright_spring_47.jpeg,bright_spring
data/segmented_dataset/SeasonsModel/bright_spring_23.png,bright_spring
data/segmented_dataset/SeasonsModel/bright_spring_41.png,bright_spring
data/segmented_dataset/SeasonsModel/bright_spring_51.jpg,bright_spring
data/segmented_dataset/SeasonsModel/bright_spring_39.jpg,bright_spring
data/segmented_dataset/SeasonsModel/bright_spring_35.jpg,bright_spring
data/segmented_dataset/SeasonsModel/bright_spring_42.jpg,bright_spring
data/segmented_dataset/SeasonsModel/bright_spring_50.jpg,bright_spring
data/segmented_dataset/SeasonsModel/bright_spring_30.jpg,bright_spring
data/segmented_dataset/SeasonsModel/bright_spring_23.png,bright_spring
data/segmented_dataset/SeasonsModel/bright_spring_37.jpg,bright_spring
data/segmented_dataset/SeasonsModel/bright_spring_30.jpg,bright_spring
data/segmented_dataset/SeasonsModel/bright_spring_5.jpg,bright_spring
data/segmented_dataset/SeasonsModel/bright_spring_49.jpg,bright_spring
data/segmented_dataset/SeasonsModel/bright_spring_47.jpeg,bright_spring
data/segmented_dataset/SeasonsModel/bright_spring_48.jpg,bright_spring
data/segmented_dataset/SeasonsModel/bright_spring_42.jpg,bright_spring
data/segmented_dataset/SeasonsModel/bright_spring_34.jpg,bright_spring
data/segmented_dataset/SeasonsModel/bright_spring_7.jpg,bright_spring
data/segmented_dataset/SeasonsModel/bright_spring_35.jpg,bright_spring
data/segmented_dataset/SeasonsModel/bright_spring_42.jpg,bright_spring
data/segmented_dataset/SeasonsModel/bright_spring_18.jpg,bright_spring
data/segmented_dataset/SeasonsModel/bright_spring_11.jpg,bright_spring
data/segmented_dataset/SeasonsModel/bright_spring_29.png,bright_spring
data/segmented_dataset/SeasonsModel/bright_spring_49.jpg,bright_spring
data/segmented_dataset/SeasonsModel/bright_spring_22.jpg,bright_spring
data/segmented_dataset/SeasonsModel/bright_spring_47.jpeg,bright_spring
data/segmented_dataset/SeasonsModel/bright_spring_8.jpg,bright_spring
data/segmented_dataset/SeasonsModel/bright_spring_5.jpg,bright_spring
data/segmented_dataset/SeasonsModel/bright_spring_7.jpg,bright_spring
data/segmented_dataset/SeasonsModel/bright_spring_4.jpg,bright_spring
data/segmented_dataset/SeasonsModel/bright_spring_8.jpg,bright_spring
data/segmented_dataset/SeasonsModel/bright_spring_39.jpg,bright_spring
data/segmented_dataset/SeasonsModel/bright_spring_40.jpg,bright_spring
data/segmented_dataset/SeasonsModel/bright_spring_22.jpg,bright_spring
data/segmented_dataset/SeasonsModel/bright_spring_4.jpg,bright_spring
data/segmented_dataset/SeasonsModel/bright_spring_35.jpg,bright_spring
data/segmented_dataset/SeasonsModel/bright_spring_22.jpg,bright_spring
data/segmented_dataset/SeasonsModel/bright_spring_45.jpg,bright_spring
data/segmented_dataset/SeasonsModel/bright_spring_50.jpg,bright_spring
data/segmented_dataset/SeasonsModel/bright_spring_35.jpg,bright_spring
data/segmented_dataset/SeasonsModel/bright_spring_16.jpg,bright_spring
data/segmented_dataset/SeasonsModel/bright_spring_36.jpg,bright_spring
data/segmented_dataset/SeasonsModel/bright_spring_51.jpg,bright_spring
data/segmented_dataset/SeasonsModel/bright_spring_39.jpg,bright_spring
data/segmented_dataset/SeasonsModel/bright_spring_40.jpg,bright_spring
data/segmented_dataset/SeasonsModel/bright_spring_35.jpg,bright_spring
data/segmented_dataset/SeasonsModel/bright_spring_12.jpg,bright_spring
data/segmented_dataset/SeasonsModel/bright_spring_16.jpg,bright_spring
data/segmented_dataset/SeasonsModel/bright_spring_18.jpg,bright_spring
data/segmented_dataset/SeasonsModel/bright_spring_22.jpg,bright_spring
data/segmented_dataset/SeasonsModel/bright_spring_24.jpg,bright_spring
data/segmented_dataset/SeasonsModel/bright_spring_9.png,bright_spring
data/segmented_dataset/SeasonsModel/bright_spring_4.jpg,bright_spring
data/segmented_dataset/SeasonsModel/bright_spring_42.jpg,bright_spring
data/segmented_dataset/SeasonsModel/bright_spring_17.jpg,bright_spring
data/segmented_dataset/SeasonsModel/bright_spring_4.jpg,bright_spring
data/segmented_dataset/SeasonsModel/bright_spring_36.jpg,bright_spring
data/segmented_dataset/SeasonsModel/bright_spring_47.jpeg,bright_spring
data/segmented_dataset/SeasonsModel/bright_spring_42.jpg,bright_spring
data/segmented_dataset/SeasonsModel/bright_spring_9.png,bright_spring
data/segmented_dataset/SeasonsModel/bright_spring_40.jpg,bright_spring
data/segmented_dataset/SeasonsModel/bright_spring_7.jpg,bright_spring
data/segmented_dataset/SeasonsModel/light_spring_17.jpg,light_spring
data/segmented_dataset/SeasonsModel/light_spring_47.jpg,light_spring
data/segmented_dataset/SeasonsModel/light_spring_35.jpg,light_spring
data/segmented_dataset/SeasonsModel/light_spring_25.jpg,light_spring
data/segmented_dataset/SeasonsModel/light_spring_4.jpg,light_spring
data/segmented_dataset/SeasonsModel/light_spring_27.jpg,light_spring
data/segmented_dataset/SeasonsModel/light_spring_28.jpg,light_spring
data/segmented_dataset/SeasonsModel/light_spring_28.jpg,light_spring
data/segmented_dataset/SeasonsModel/light_spring_2.jpg,light_spring
data/segmented_dataset/SeasonsModel/light_spring_2.jpg,light_spring
data/segmented_dataset/SeasonsModel/light_spring_16.jpg,light_spring
data/segmented_dataset/SeasonsModel/light_spring_1.jpg,light_spring
data/segmented_dataset/SeasonsModel/light_spring_13.jpg,light_spring
data/segmented_dataset/SeasonsModel/light_spring_2.jpg,light_spring
data/segmented_dataset/SeasonsModel/light_spring_43.png,light_spring
data/segmented_dataset/SeasonsModel/light_spring_13.jpg,light_spring
data/segmented_dataset/SeasonsModel/light_spring_25.jpg,light_spring
data/segmented_dataset/SeasonsModel/light_spring_48.jpg,light_spring
data/segmented_dataset/SeasonsModel/light_spring_32.jpg,light_spring
data/segmented_dataset/SeasonsModel/light_spring_1.jpg,light_spring
data/segmented_dataset/SeasonsModel/light_spring_8.jpg,light_spring
data/segmented_dataset/SeasonsModel/light_spring_7.jpg,light_spring
data/segmented_dataset/SeasonsModel/light_spring_40.png,light_spring
data/segmented_dataset/SeasonsModel/light_spring_29.jpg,light_spring
data/segmented_dataset/SeasonsModel/light_spring_47.jpg,light_spring
data/segmented_dataset/SeasonsModel/light_spring_16.jpg,light_spring
data/segmented_dataset/SeasonsModel/light_spring_6.jpg,light_spring
data/segmented_dataset/SeasonsModel/light_spring_25.jpg,light_spring
data/segmented_dataset/SeasonsModel/light_spring_26.jpg,light_spring
data/segmented_dataset/SeasonsModel/light_spring_11.jpg,light_spring
data/segmented_dataset/SeasonsModel/light_spring_51.jpg,light_spring
data/segmented_dataset/SeasonsModel/light_spring_8.jpg,light_spring
data/segmented_dataset/SeasonsModel/light_spring_10.jpg,light_spring
data/segmented_dataset/SeasonsModel/light_spring_26.jpg,light_spring
data/segmented_dataset/SeasonsModel/light_spring_18.jpg,light_spring
data/segmented_dataset/SeasonsModel/light_spring_13.jpg,light_spring
data/segmented_dataset/SeasonsModel/light_spring_34.jpg,light_spring
data/segmented_dataset/SeasonsModel/light_spring_40.png,light_spring
data/segmented_dataset/SeasonsModel/light_spring_6.jpg,light_spring
data/segmented_dataset/SeasonsModel/light_spring_35.jpg,light_spring
data/segmented_dataset/SeasonsModel/light_spring_10.jpg,light_spring
data/segmented_dataset/SeasonsModel/light_spring_45.jpg,light_spring
data/segmented_dataset/SeasonsModel/light_spring_51.jpg,light_spring
data/segmented_dataset/SeasonsModel/light_spring_13.jpg,light_spring
data/segmented_dataset/SeasonsModel/light_spring_30.jpg,light_spring
data/segmented_dataset/SeasonsModel/light_spring_51.jpg,light_spring
data/segmented_dataset/SeasonsModel/light_spring_17.jpg,light_spring
data/segmented_dataset/SeasonsModel/light_spring_11.jpg,light_spring
data/segmented_dataset/SeasonsModel/light_spring_18.jpg,light_spring
data/segmented_dataset/SeasonsModel/light_spring_12.jpg,light_spring
data/segmented_dataset/SeasonsModel/light_spring_10.jpg,light_spring
data/segmented_dataset/SeasonsModel/light_spring_36.jpg,light_spring
data/segmented_dataset/SeasonsModel/light_spring_47.jpg,light_spring
data/segmented_dataset/SeasonsModel/light_spring_35.jpg,light_spring
data/segmented_dataset/SeasonsModel/light_spring_10.jpg,light_spring
data/segmented_dataset/SeasonsModel/light_spring_27.jpg,light_spring
data/segmented_dataset/SeasonsModel/light_spring_25.jpg,light_spring
data/segmented_dataset/SeasonsModel/light_spring_29.jpg,light_spring
data/segmented_dataset/SeasonsModel/light_spring_11.jpg,light_spring
data/segmented_dataset/SeasonsModel/light_spring_2.jpg,light_spring
data/segmented_dataset/SeasonsModel/light_spring_18.jpg,light_spring
data/segmented_dataset/SeasonsModel/light_spring_8.jpg,light_spring
data/segmented_dataset/SeasonsModel/light_spring_17.jpg,light_spring
data/segmented_dataset/SeasonsModel/light_spring_47.jpg,light_spring
data/segmented_dataset/SeasonsModel/light_spring_3.JPG,light_spring
data/segmented_dataset/SeasonsModel/light_spring_8.jpg,light_spring
data/segmented_dataset/SeasonsModel/light_spring_6.jpg,light_spring
data/segmented_dataset/SeasonsModel/light_spring_26.jpg,light_spring
data/segmented_dataset/SeasonsModel/light_spring_2.jpg,light_spring
data/segmented_dataset/SeasonsModel/light_spring_3.JPG,light_spring
data/segmented_dataset/SeasonsModel/light_spring_35.jpg,light_spring
data/segmented_dataset/SeasonsModel/light_spring_2.jpg,light_spring
data/segmented_dataset/SeasonsModel/light_spring_28.jpg,light_spring
data/segmented_dataset/SeasonsModel/light_spring_45.jpg,light_spring
data/segmented_dataset/SeasonsModel/light_spring_35.jpg,light_spring
data/segmented_dataset/SeasonsModel/light_spring_48.jpg,light_spring
data/segmented_dataset/SeasonsModel/light_spring_19.jpg,light_spring
data/segmented_dataset/SeasonsModel/light_spring_40.png,light_spring
data/segmented_dataset/SeasonsModel/light_spring_6.jpg,light_spring
data/segmented_dataset/SeasonsModel/light_spring_26.jpg,light_spring
data/segmented_dataset/SeasonsModel/light_spring_35.jpg,light_spring
data/segmented_dataset/SeasonsModel/light_spring_32.jpg,light_spring
data/segmented_dataset/SeasonsModel/light_spring_48.jpg,light_spring
data/segmented_dataset/SeasonsModel/light_spring_27.jpg,light_spring
data/segmented_dataset/SeasonsModel/light_spring_2.jpg,light_spring
data/segmented_dataset/SeasonsModel/light_spring_1.jpg,light_spring
data/segmented_dataset/SeasonsModel/light_spring_7.jpg,light_spring
data/segmented_dataset/SeasonsModel/light_spring_3.JPG,light_spring
data/segmented_dataset/SeasonsModel/light_spring_10.jpg,light_spring
data/segmented_dataset/SeasonsModel/light_spring_16.jpg,light_spring
data/segmented_dataset/SeasonsModel/light_spring_3.JPG,light_spring
data/segmented_dataset/SeasonsModel/light_spring_19.jpg,light_spring
data/segmented_dataset/SeasonsModel/light_spring_18.jpg,light_spring
data/segmented_dataset/SeasonsModel/light_spring_10.jpg,light_spring
data/segmented_dataset/SeasonsModel/light_spring_7.jpg,light_spring
data/segmented_dataset/SeasonsModel/light_spring_26.jpg,light_spring
data/segmented_dataset/SeasonsModel/light_spring_47.jpg,light_spring
data/segmented_dataset/SeasonsModel/true_winter_39.jpg,true_winter
data/segmented_dataset/SeasonsModel/true_winter_5.jpg,true_winter
data/segmented_dataset/SeasonsModel/true_winter_43.jpg,true_winter
data/segmented_dataset/SeasonsModel/true_winter_16.png,true_winter
data/segmented_dataset/SeasonsModel/true_winter_38.jpg,true_winter
data/segmented_dataset/SeasonsModel/true_winter_33.png,true_winter
data/segmented_dataset/SeasonsModel/true_winter_40.jpg,true_winter
data/segmented_dataset/SeasonsModel/true_winter_40.jpg,true_winter
data/segmented_dataset/SeasonsModel/true_winter_37.jpg,true_winter
data/segmented_dataset/SeasonsModel/true_winter_37.jpg,true_winter
data/segmented_dataset/SeasonsModel/true_winter_18.jpg,true_winter
data/segmented_dataset/SeasonsModel/true_winter_7.jpg,true_winter
data/segmented_dataset/SeasonsModel/true_winter_23.jpg,true_winter
data/segmented_dataset/SeasonsModel/true_winter_37.jpg,true_winter
data/segmented_dataset/SeasonsModel/true_winter_12.jpg,true_winter
data/segmented_dataset/SeasonsModel/true_winter_23.jpg,true_winter
data/segmented_dataset/SeasonsModel/true_winter_16.png,true_winter
data/segmented_dataset/SeasonsModel/true_winter_48.jpg,true_winter
data/segmented_dataset/SeasonsModel/true_winter_25.jpg,true_winter
data/segmented_dataset/SeasonsModel/true_winter_7.jpg,true_winter
data/segmented_dataset/SeasonsModel/true_winter_30.jpg,true_winter
data/segmented_dataset/SeasonsModel/true_winter_19.jpg,true_winter
data/segmented_dataset/SeasonsModel/true_winter_28.jpg,true_winter
data/segmented_dataset/SeasonsModel/true_winter_34.jpg,true_winter
data/segmented_dataset/SeasonsModel/true_winter_5.jpg,true_winter
data/segmented_dataset/SeasonsModel/true_winter_18.jpg,true_winter
data/segmented_dataset/SeasonsModel/true_winter_14.jpg,true_winter
data/segmented_dataset/SeasonsModel/true_winter_16.png,true_winter
data/segmented_dataset/SeasonsModel/true_winter_49.jpg,true_winter
data/segmented_dataset/SeasonsModel/true_winter_1.jpg,true_winter
data/segmented_dataset/SeasonsModel/true_winter_35.jpg,true_winter
data/segmented_dataset/SeasonsModel/true_winter_30.jpg,true_winter
data/segmented_dataset/SeasonsModel/true_winter_47.jpg,true_winter
data/segmented_dataset/SeasonsModel/true_winter_49.jpg,true_winter
data/segmented_dataset/SeasonsModel/true_winter_31.jpg,true_winter
data/segmented_dataset/SeasonsModel/true_winter_23.jpg,true_winter
data/segmented_dataset/SeasonsModel/true_winter_46.jpg,true_winter
data/segmented_dataset/SeasonsModel/true_winter_28.jpg,true_winter
data/segmented_dataset/SeasonsModel/true_winter_14.jpg,true_winter
data/segmented_dataset/SeasonsModel/true_winter_43.jpg,true_winter
data/segmented_dataset/SeasonsModel/true_winter_47.jpg,true_winter
data/segmented_dataset/SeasonsModel/true_winter_50.jpg,true_winter
data/segmented_dataset/SeasonsModel/true_winter_35.jpg,true_winter
data/segmented_dataset/SeasonsModel/true_winter_23.jpg,true_winter
data/segmented_dataset/SeasonsModel/true_winter_11.jpg,true_winter
data/segmented_dataset/SeasonsModel/true_winter_35.jpg,true_winter
data/segmented_dataset/SeasonsModel/true_winter_39.jpg,true_winter
data/segmented_dataset/SeasonsModel/true_winter_1.jpg,true_winter
data/segmented_dataset/SeasonsModel/true_winter_31.jpg,true_winter
data/segmented_dataset/SeasonsModel/true_winter_45.jpg,true_winter
data/segmented_dataset/SeasonsModel/true_winter_47.jpg,true_winter
data/segmented_dataset/SeasonsModel/true_winter_17.jpg,true_winter
data/segmented_dataset/SeasonsModel/true_winter_5.jpg,true_winter
data/segmented_dataset/SeasonsModel/true_winter_43.jpg,true_winter
data/segmented_dataset/SeasonsModel/true_winter_47.jpg,true_winter
data/segmented_dataset/SeasonsModel/true_winter_33.png,true_winter
data/segmented_dataset/SeasonsModel/true_winter_16.png,true_winter
data/segmented_dataset/SeasonsModel/true_winter_34.jpg,true_winter
data/segmented_dataset/SeasonsModel/true_winter_1.jpg,true_winter
data/segmented_dataset/SeasonsModel/true_winter_37.jpg,true_winter
data/segmented_dataset/SeasonsModel/true_winter_31.jpg,true_winter
data/segmented_dataset/SeasonsModel/true_winter_30.jpg,true_winter
data/segmented_dataset/SeasonsModel/true_winter_39.jpg,true_winter
data/segmented_dataset/SeasonsModel/true_winter_5.jpg,true_winter
data/segmented_dataset/SeasonsModel/true_winter_4.jpg,true_winter
data/segmented_dataset/SeasonsModel/true_winter_30.jpg,true_winter
data/segmented_dataset/SeasonsModel/true_winter_14.jpg,true_winter
data/segmented_dataset/SeasonsModel/true_winter_49.jpg,true_winter
data/segmented_dataset/SeasonsModel/true_winter_37.jpg,true_winter
data/segmented_dataset/SeasonsModel/true_winter_4.jpg,true_winter
data/segmented_dataset/SeasonsModel/true_winter_43.jpg,true_winter
data/segmented_dataset/SeasonsModel/true_winter_37.jpg,true_winter
data/segmented_dataset/SeasonsModel/true_winter_40.jpg,true_winter
data/segmented_dataset/SeasonsModel/true_winter_50.jpg,true_winter
data/segmented_dataset/SeasonsModel/true_winter_43.jpg,true_winter
data/segmented_dataset/SeasonsModel/true_winter_48.jpg,true_winter
data/segmented_dataset/SeasonsModel/true_winter_42.jpg,true_winter
data/segmented_dataset/SeasonsModel/true_winter_28.jpg,true_winter
data/segmented_dataset/SeasonsModel/true_winter_14.jpg,true_winter
data/segmented_dataset/SeasonsModel/true_winter_49.jpg,true_winter
data/segmented_dataset/SeasonsModel/true_winter_43.jpg,true_winter
data/segmented_dataset/SeasonsModel/true_winter_25.jpg,true_winter
data/segmented_dataset/SeasonsModel/true_winter_48.jpg,true_winter
data/segmented_dataset/SeasonsModel/true_winter_33.png,true_winter
data/segmented_dataset/SeasonsModel/true_winter_37.jpg,true_winter
data/segmented_dataset/SeasonsModel/true_winter_7.jpg,true_winter
data/segmented_dataset/SeasonsModel/true_winter_19.jpg,true_winter
data/segmented_dataset/SeasonsModel/true_winter_4.jpg,true_winter
data/segmented_dataset/SeasonsModel/true_winter_47.jpg,true_winter
data/segmented_dataset/SeasonsModel/true_winter_18.jpg,true_winter
data/segmented_dataset/SeasonsModel/true_winter_4.jpg,true_winter
data/segmented_dataset/SeasonsModel/true_winter_42.jpg,true_winter
data/segmented_dataset/SeasonsModel/true_winter_31.jpg,true_winter
data/segmented_dataset/SeasonsModel/true_winter_47.jpg,true_winter
data/segmented_dataset/SeasonsModel/true_winter_19.jpg,true_winter
data/segmented_dataset/SeasonsModel/true_winter_49.jpg,true_winter
data/segmented_dataset/SeasonsModel/true_winter_5.jpg,true_winter
data/segmented_dataset/SeasonsModel/bright_winter_12.jpg,bright_winter
data/segmented_dataset/SeasonsModel/bright_winter_40.jpg,bright_winter
data/segmented_dataset/SeasonsModel/bright_winter_16.jpg,bright_winter
data/segmented_dataset/SeasonsModel/bright_winter_22.png,bright_winter
data/segmented_dataset/SeasonsModel/bright_winter_11.jpg,bright_winter
data/segmented_dataset/SeasonsModel/bright_winter_4.jpg,bright_winter
data/segmented_dataset/SeasonsModel/bright_winter_12.jpg,bright_winter
data/segmented_dataset/SeasonsModel/bright_winter_39.jpg,bright_winter
data/segmented_dataset/SeasonsModel/bright_winter_10.jpg,bright_winter
data/segmented_dataset/SeasonsModel/bright_winter_41.jpg,bright_winter
data/segmented_dataset/SeasonsModel/bright_winter_22.png,bright_winter
data/segmented_dataset/SeasonsModel/bright_winter_22.png,bright_winter
data/segmented_dataset/SeasonsModel/bright_winter_36.jpg,bright_winter
data/segmented_dataset/SeasonsModel/bright_winter_4.jpg,bright_winter
data/segmented_dataset/SeasonsModel/bright_winter_25.png,bright_winter
data/segmented_dataset/SeasonsModel/bright_winter_11.jpg,bright_winter
data/segmented_dataset/SeasonsModel/bright_winter_36.jpg,bright_winter
data/segmented_dataset/SeasonsModel/bright_winter_31.jpg,bright_winter
data/segmented_dataset/SeasonsModel/bright_winter_29.png,bright_winter
data/segmented_dataset/SeasonsModel/bright_winter_4.jpg,bright_winter
data/segmented_dataset/SeasonsModel/bright_winter_5.jpg,bright_winter
data/segmented_dataset/SeasonsModel/bright_winter_36.jpg,bright_winter
data/segmented_dataset/SeasonsModel/bright_winter_21.jpg,bright_winter
data/segmented_dataset/SeasonsModel/bright_winter_38.png,bright_winter
data/segmented_dataset/SeasonsModel/bright_winter_5.jpg,bright_winter
data/segmented_dataset/SeasonsModel/bright_winter_4.jpg,bright_winter
data/segmented_dataset/SeasonsModel/bright_winter_6.jpg,bright_winter
data/segmented_dataset/SeasonsModel/bright_winter_21.jpg,bright_winter
data/segmented_dataset/SeasonsModel/bright_winter_39.jpg,bright_winter
data/segmented_dataset/SeasonsModel/bright_winter_29.png,bright_winter
data/segmented_dataset/SeasonsModel/bright_winter_21.jpg,bright_winter
data/segmented_dataset/SeasonsModel/bright_winter_24.png,bright_winter
data/segmented_dataset/SeasonsModel/bright_winter_28.jpg,bright_winter
data/segmented_dataset/SeasonsModel/bright_winter_13.jpg,bright_winter
data/segmented_dataset/SeasonsModel/bright_winter_13.jpg,bright_winter
data/segmented_dataset/SeasonsModel/bright_winter_9.jpg,bright_winter
data/segmented_dataset/SeasonsModel/bright_winter_23.jpg,bright_winter
data/segmented_dataset/SeasonsModel/bright_winter_16.jpg,bright_winter
data/segmented_dataset/SeasonsModel/bright_winter_16.jpg,bright_winter
data/segmented_dataset/SeasonsModel/bright_winter_10.jpg,bright_winter
data/segmented_dataset/SeasonsModel/bright_winter_21.jpg,bright_winter
data/segmented_dataset/SeasonsModel/bright_winter_41.jpg,bright_winter
data/segmented_dataset/SeasonsModel/bright_winter_40.jpg,bright_winter
data/segmented_dataset/SeasonsModel/bright_winter_24.png,bright_winter
data/segmented_dataset/SeasonsModel/bright_winter_31.jpg,bright_winter
data/segmented_dataset/SeasonsModel/bright_winter_30.jpg,bright_winter
data/segmented_dataset/SeasonsModel/bright_winter_10.jpg,bright_winter
data/segmented_dataset/SeasonsModel/bright_winter_12.jpg,bright_winter
data/segmented_dataset/SeasonsModel/bright_winter_4.jpg,bright_winter
data/segmented_dataset/SeasonsModel/bright_winter_20.jpg,bright_winter
data/segmented_dataset/SeasonsModel/bright_winter_12.jpg,bright_winter
data/segmented_dataset/SeasonsModel/bright_winter_17.jpg,bright_winter
data/segmented_dataset/SeasonsModel/bright_winter_25.png,bright_winter
data/segmented_dataset/SeasonsModel/bright_winter_24.png,bright_winter
data/segmented_dataset/SeasonsModel/bright_winter_19.jpg,bright_winter
data/segmented_dataset/SeasonsModel/bright_winter_17.jpg,bright_winter
data/segmented_dataset/SeasonsModel/bright_winter_39.jpg,bright_winter
data/segmented_dataset/SeasonsModel/bright_winter_20.jpg,bright_winter
data/segmented_dataset/SeasonsModel/bright_winter_39.jpg,bright_winter
data/segmented_dataset/SeasonsModel/bright_winter_4.jpg,bright_winter
data/segmented_dataset/SeasonsModel/bright_winter_5.jpg,bright_winter
data/segmented_dataset/SeasonsModel/bright_winter_40.jpg,bright_winter
data/segmented_dataset/SeasonsModel/bright_winter_16.jpg,bright_winter
data/segmented_dataset/SeasonsModel/bright_winter_12.jpg,bright_winter
data/segmented_dataset/SeasonsModel/bright_winter_21.jpg,bright_winter
data/segmented_dataset/SeasonsModel/bright_winter_11.jpg,bright_winter
data/segmented_dataset/SeasonsModel/bright_winter_16.jpg,bright_winter
data/segmented_dataset/SeasonsModel/bright_winter_31.jpg,bright_winter
data/segmented_dataset/SeasonsModel/bright_winter_19.jpg,bright_winter
data/segmented_dataset/SeasonsModel/bright_winter_28.jpg,bright_winter
data/segmented_dataset/SeasonsModel/bright_winter_25.png,bright_winter
data/segmented_dataset/SeasonsModel/bright_winter_17.jpg,bright_winter
data/segmented_dataset/SeasonsModel/bright_winter_11.jpg,bright_winter
data/segmented_dataset/SeasonsModel/bright_winter_25.png,bright_winter
data/segmented_dataset/SeasonsModel/bright_winter_5.jpg,bright_winter
data/segmented_dataset/SeasonsModel/bright_winter_38.png,bright_winter
data/segmented_dataset/SeasonsModel/bright_winter_29.png,bright_winter
data/segmented_dataset/SeasonsModel/bright_winter_9.jpg,bright_winter
data/segmented_dataset/SeasonsModel/bright_winter_25.png,bright_winter
data/segmented_dataset/SeasonsModel/bright_winter_29.png,bright_winter
data/segmented_dataset/SeasonsModel/bright_winter_17.jpg,bright_winter
data/segmented_dataset/SeasonsModel/bright_winter_39.jpg,bright_winter
data/segmented_dataset/SeasonsModel/bright_winter_21.jpg,bright_winter
data/segmented_dataset/SeasonsModel/bright_winter_5.jpg,bright_winter
data/segmented_dataset/SeasonsModel/bright_winter_9.jpg,bright_winter
data/segmented_dataset/SeasonsModel/bright_winter_25.png,bright_winter
data/segmented_dataset/SeasonsModel/bright_winter_19.jpg,bright_winter
data/segmented_dataset/SeasonsModel/bright_winter_23.jpg,bright_winter
data/segmented_dataset/SeasonsModel/bright_winter_16.jpg,bright_winter
data/segmented_dataset/SeasonsModel/bright_winter_11.jpg,bright_winter
data/segmented_dataset/SeasonsModel/bright_winter_19.jpg,bright_winter
data/segmented_dataset/SeasonsModel/bright_winter_41.jpg,bright_winter
data/segmented_dataset/SeasonsModel/bright_winter_24.png,bright_winter
data/segmented_dataset/SeasonsModel/bright_winter_11.jpg,bright_winter
data/segmented_dataset/SeasonsModel/bright_winter_4.jpg,bright_winter
data/segmented_dataset/SeasonsModel/bright_winter_23.jpg,bright_winter
data/segmented_dataset/SeasonsModel/bright_winter_1.jpg,bright_winter
data/segmented_dataset/SeasonsModel/true_summer_16.jpg,true_summer
data/segmented_dataset/SeasonsModel/true_summer_2.jpg,true_summer
data/segmented_dataset/SeasonsModel/true_summer_14.jpg,true_summer
data/segmented_dataset/SeasonsModel/true_summer_10.jpeg,true_summer
data/segmented_dataset/SeasonsModel/true_summer_16.jpg,true_summer
data/segmented_dataset/SeasonsModel/true_summer_14.jpg,true_summer
data/segmented_dataset/SeasonsModel/true_summer_14.jpg,true_summer
data/segmented_dataset/SeasonsModel/true_summer_15.jpg,true_summer
data/segmented_dataset/SeasonsModel/true_summer_10.jpeg,true_summer
data/segmented_dataset/SeasonsModel/true_summer_18.jpg,true_summer
data/segmented_dataset/SeasonsModel/true_summer_12.jpg,true_summer
data/segmented_dataset/SeasonsModel/true_summer_25.jpg,true_summer
data/segmented_dataset/SeasonsModel/true_summer_4.jpg,true_summer
data/segmented_dataset/SeasonsModel/true_summer_12.jpg,true_summer
data/segmented_dataset/SeasonsModel/true_summer_1.jpg,true_summer
data/segmented_dataset/SeasonsModel/true_summer_25.jpg,true_summer
data/segmented_dataset/SeasonsModel/true_summer_25.jpg,true_summer
data/segmented_dataset/SeasonsModel/true_summer_11.jpg,true_summer
data/segmented_dataset/SeasonsModel/true_summer_17.jpg,true_summer
data/segmented_dataset/SeasonsModel/true_summer_20.jpg,true_summer
data/segmented_dataset/SeasonsModel/true_summer_2.jpg,true_summer
data/segmented_dataset/SeasonsModel/true_summer_2.jpg,true_summer
data/segmented_dataset/SeasonsModel/true_summer_25.jpg,true_summer
data/segmented_dataset/SeasonsModel/true_summer_18.jpg,true_summer
data/segmented_dataset/SeasonsModel/true_summer_9.jpg,true_summer
data/segmented_dataset/SeasonsModel/true_summer_16.jpg,true_summer
data/segmented_dataset/SeasonsModel/true_summer_23.jpg,true_summer
data/segmented_dataset/SeasonsModel/true_summer_16.jpg,true_summer
data/segmented_dataset/SeasonsModel/true_summer_22.png,true_summer
data/segmented_dataset/SeasonsModel/true_summer_15.jpg,true_summer
data/segmented_dataset/SeasonsModel/true_summer_3.jpg,true_summer
data/segmented_dataset/SeasonsModel/true_summer_22.png,true_summer
data/segmented_dataset/SeasonsModel/true_summer_23.jpg,true_summer
data/segmented_dataset/SeasonsModel/true_summer_12.jpg,true_summer
data/segmented_dataset/SeasonsModel/true_summer_2.jpg,true_summer
data/segmented_dataset/SeasonsModel/true_summer_16.jpg,true_summer
data/segmented_dataset/SeasonsModel/true_summer_25.jpg,true_summer
data/segmented_dataset/SeasonsModel/true_summer_10.jpeg,true_summer
data/segmented_dataset/SeasonsModel/true_summer_2.jpg,true_summer
data/segmented_dataset/SeasonsModel/true_summer_18.jpg,true_summer
data/segmented_dataset/SeasonsModel/true_summer_3.jpg,true_summer
data/segmented_dataset/SeasonsModel/true_summer_11.jpg,true_summer
data/segmented_dataset/SeasonsModel/true_summer_15.jpg,true_summer
data/segmented_dataset/SeasonsModel/true_summer_22.png,true_summer
data/segmented_dataset/SeasonsModel/true_summer_10.jpeg,true_summer
data/segmented_dataset/SeasonsModel/true_summer_15.jpg,true_summer
data/segmented_dataset/SeasonsModel/true_summer_12.jpg,true_summer
data/segmented_dataset/SeasonsModel/true_summer_4.jpg,true_summer
data/segmented_dataset/SeasonsModel/true_summer_17.jpg,true_summer
data/segmented_dataset/SeasonsModel/true_summer_15.jpg,true_summer
data/segmented_dataset/SeasonsModel/true_summer_22.png,true_summer
data/segmented_dataset/SeasonsModel/true_summer_25.jpg,true_summer
data/segmented_dataset/SeasonsModel/true_summer_12.jpg,true_summer
data/segmented_dataset/SeasonsModel/true_summer_17.jpg,true_summer
data/segmented_dataset/SeasonsModel/true_summer_15.jpg,true_summer
data/segmented_dataset/SeasonsModel/true_summer_3.jpg,true_summer
data/segmented_dataset/SeasonsModel/true_summer_20.jpg,true_summer
data/segmented_dataset/SeasonsModel/true_summer_2.jpg,true_summer
data/segmented_dataset/SeasonsModel/true_summer_10.jpeg,true_summer
data/segmented_dataset/SeasonsModel/true_summer_3.jpg,true_summer
data/segmented_dataset/SeasonsModel/true_summer_10.jpeg,true_summer
data/segmented_dataset/SeasonsModel/true_summer_20.jpg,true_summer
data/segmented_dataset/SeasonsModel/true_summer_24.jpg,true_summer
data/segmented_dataset/SeasonsModel/true_summer_22.png,true_summer
data/segmented_dataset/SeasonsModel/true_summer_2.jpg,true_summer
data/segmented_dataset/SeasonsModel/true_summer_24.jpg,true_summer
data/segmented_dataset/SeasonsModel/true_summer_23.jpg,true_summer
data/segmented_dataset/SeasonsModel/true_summer_2.jpg,true_summer
data/segmented_dataset/SeasonsModel/true_summer_24.jpg,true_summer
data/segmented_dataset/SeasonsModel/true_summer_1.jpg,true_summer
data/segmented_dataset/SeasonsModel/true_summer_16.jpg,true_summer
data/segmented_dataset/SeasonsModel/true_summer_23.jpg,true_summer
data/segmented_dataset/SeasonsModel/true_summer_1.jpg,true_summer
data/segmented_dataset/SeasonsModel/true_summer_25.jpg,true_summer
data/segmented_dataset/SeasonsModel/true_summer_10.jpeg,true_summer
data/segmented_dataset/SeasonsModel/true_summer_14.jpg,true_summer
data/segmented_dataset/SeasonsModel/true_summer_11.jpg,true_summer
data/segmented_dataset/SeasonsModel/true_summer_10.jpeg,true_summer
data/segmented_dataset/SeasonsModel/true_summer_18.jpg,true_summer
data/segmented_dataset/SeasonsModel/true_summer_18.jpg,true_summer
data/segmented_dataset/SeasonsModel/true_summer_1.jpg,true_summer
data/segmented_dataset/SeasonsModel/true_summer_9.jpg,true_summer
data/segmented_dataset/SeasonsModel/true_summer_17.jpg,true_summer
data/segmented_dataset/SeasonsModel/true_summer_16.jpg,true_summer
data/segmented_dataset/SeasonsModel/true_summer_23.jpg,true_summer
data/segmented_dataset/SeasonsModel/true_summer_16.jpg,true_summer
data/segmented_dataset/SeasonsModel/true_summer_23.jpg,true_summer
data/segmented_dataset/SeasonsModel/true_summer_10.jpeg,true_summer
data/segmented_dataset/SeasonsModel/true_summer_25.jpg,true_summer
data/segmented_dataset/SeasonsModel/true_summer_12.jpg,true_summer
data/segmented_dataset/SeasonsModel/true_summer_1.jpg,true_summer
data/segmented_dataset/SeasonsModel/true_summer_20.jpg,true_summer
data/segmented_dataset/SeasonsModel/true_summer_9.jpg,true_summer
data/segmented_dataset/SeasonsModel/true_summer_18.jpg,true_summer
data/segmented_dataset/SeasonsModel/true_summer_25.jpg,true_summer
data/segmented_dataset/SeasonsModel/true_summer_10.jpeg,true_summer
data/segmented_dataset/SeasonsModel/true_summer_18.jpg,true_summer
